region,class_id,class_label,count,mean_m,median_m,std_m,p90_m,p95_m,p99_m,observed_max_m,gba_rmse_margin_m,soft_ceiling_m,hard_ceiling_m,confidence,countries,cities,source_counts
north_america,1,tiny residential,9485,3.9270877830216806,3.5061206817626953,2.0189711975290763,6.768308925628663,7.908485603332515,10.130325050354003,18.738338470458984,5.3,15.0,20.0,high,"[""USA""]","[""Chicago"", ""Dallas"", ""Houston""]","{""odbl_prefix"": 9485}"
north_america,2,small residential,12702,4.620534087368643,4.269376277923584,2.030532809618815,7.220945167541504,8.421653556823731,10.962625999450676,25.98842430114746,5.3,15.0,20.0,high,"[""USA""]","[""Chicago"", ""Dallas"", ""Houston""]","{""odbl_prefix"": 12702}"
north_america,3,compact residential,17944,5.261543766162356,5.020798921585083,1.7402152936818276,7.560214424133301,8.440245532989499,10.306610183715819,17.32297706604004,5.3,15.0,20.0,high,"[""USA""]","[""Chicago"", ""Dallas"", ""Houston""]","{""odbl_prefix"": 17944}"
north_america,4,medium footprint,13842,5.953128291475103,5.808524131774902,1.5907763835114577,8.080982112884522,8.665248537063597,9.877163267135622,17.440004348754883,5.3,15.0,20.0,high,"[""USA""]","[""Chicago"", ""Dallas"", ""Houston""]","{""odbl_prefix"": 13842}"
north_america,5,small apartment,4658,5.8538945582405395,5.64869499206543,1.8999358221644056,8.20346441268921,9.238437366485593,11.164202928543103,25.943504333496094,5.3,15.0,20.0,high,"[""USA""]","[""Chicago"", ""Dallas"", ""Houston""]","{""odbl_prefix"": 4658}"
north_america,6,apartment block,950,6.940297485778206,6.335320711135864,3.0289329375608163,10.70976266860962,11.846516180038451,15.449649944305415,44.054908752441406,5.3,20.0,25.0,medium,"[""USA""]","[""Chicago"", ""Dallas"", ""Houston""]","{""odbl_prefix"": 950}"
north_america,7,large footprint,836,8.824943261140842,7.028823137283325,6.745788855566423,14.362134456634521,17.813048839569092,39.80211200714111,82.75798034667969,5.3,25.0,50.0,medium,"[""USA""]","[""Chicago"", ""Dallas"", ""Houston""]","{""odbl_prefix"": 836}"
north_america,8,extra-large footprint,436,8.536289560138632,7.085998773574829,5.439646051916705,14.925325393676758,17.575257778167725,28.13096485137926,53.27511978149414,5.3,25.0,35.0,medium,"[""USA""]","[""Chicago"", ""Dallas"", ""Houston""]","{""odbl_prefix"": 436}"
north_america_ne,1,tiny residential,18496,5.755368191265472,4.404480934143066,4.5494516001389025,10.9755277633667,14.823571681976318,23.73732175827026,46.54911804199219,5.3,25.0,30.0,high,"[""CAN"", ""USA""]","[""Boston"", ""Montreal"", ""Toronto""]","{""odbl_prefix"": 18496}"
north_america_ne,2,small residential,23851,6.315281464485676,4.928666591644287,4.497113980927142,11.414019584655762,15.142374992370605,24.322099685668945,50.240875244140625,5.3,25.0,30.0,high,"[""CAN"", ""USA""]","[""Boston"", ""Montreal"", ""Toronto""]","{""odbl_prefix"": 23851}"
north_america_ne,3,compact residential,14056,6.678375277878143,5.252974987030029,4.457840947864951,11.796179294586182,15.41570520401001,24.494832515716585,48.608001708984375,5.3,25.0,30.0,high,"[""CAN"", ""USA""]","[""Boston"", ""Montreal"", ""Toronto""]","{""odbl_prefix"": 14056}"
north_america_ne,4,medium footprint,3638,6.269119770465283,5.242642641067505,3.5550515812009333,10.327651882171631,13.164012956619258,20.46924533843995,45.3508415222168,5.3,20.0,30.0,high,"[""CAN"", ""USA""]","[""Boston"", ""Montreal"", ""Toronto""]","{""odbl_prefix"": 3638}"
north_america_ne,5,small apartment,3303,6.335619872424085,5.364688873291016,3.6583956035902907,10.389130592346193,13.350046062469467,21.31550720214844,40.94769287109375,5.3,20.0,30.0,high,"[""CAN"", ""USA""]","[""Boston"", ""Montreal"", ""Toronto""]","{""odbl_prefix"": 3303}"
north_america_ne,6,apartment block,826,7.045849045454445,6.098520517349243,3.9674359062518096,11.349050521850586,15.488749265670776,23.6079683303833,31.678939819335938,5.3,25.0,30.0,medium,"[""CAN"", ""USA""]","[""Boston"", ""Montreal"", ""Toronto""]","{""odbl_prefix"": 826}"
north_america_ne,7,large footprint,1080,7.292150534082342,6.187791585922241,4.225080621737568,12.479416942596435,16.059681510925287,23.668049163818363,33.41775131225586,5.3,25.0,30.0,high,"[""CAN"", ""USA""]","[""Boston"", ""Montreal"", ""Toronto""]","{""odbl_prefix"": 1080}"
north_america_ne,8,extra-large footprint,276,9.962140297112258,7.642194032669067,7.348144072022761,18.749343872070312,23.307318687438965,32.2717924118042,74.47980499267578,5.3,30.0,40.0,medium,"[""CAN"", ""USA""]","[""Boston"", ""Montreal"", ""Toronto""]","{""odbl_prefix"": 276}"
north_america_west,1,tiny residential,13041,3.7553974621300132,3.110313892364502,2.4294330465269804,6.772089958190918,8.666621208190918,12.876523017883304,28.804658889770508,5.3,15.0,20.0,high,"[""MEX"", ""USA""]","[""Los Angeles"", ""Portland"", ""San Francisco""]","{""odbl_prefix"": 13041}"
north_america_west,2,small residential,17633,4.85872995046887,4.344620227813721,2.3548024349279704,7.69512281417847,9.512004089355466,13.468300247192383,29.741233825683594,5.3,15.0,20.0,high,"[""MEX"", ""USA""]","[""Los Angeles"", ""Portland"", ""San Francisco""]","{""odbl_prefix"": 17633}"
north_america_west,3,compact residential,16832,5.04351589959044,4.57721471786499,2.1179358578480145,7.588107919692993,9.042932939529415,12.637740297317462,23.565731048583984,5.3,15.0,20.0,high,"[""MEX"", ""USA""]","[""Los Angeles"", ""Portland"", ""San Francisco""]","{""odbl_prefix"": 16832}"
north_america_west,4,medium footprint,5864,5.4850345446663376,5.020521402359009,2.2741052332759826,8.139372158050534,9.56105279922485,13.15873525619506,27.500333786010742,5.3,15.0,20.0,high,"[""USA""]","[""Los Angeles"", ""Portland"", ""San Francisco""]","{""odbl_prefix"": 5864}"
north_america_west,5,small apartment,4679,6.233130646709908,5.564797401428223,3.2917841342770164,9.37536563873291,11.070376205444333,18.01074466705327,72.38595581054688,5.3,20.0,25.0,high,"[""MEX"", ""USA""]","[""Los Angeles"", ""Portland"", ""San Francisco""]","{""odbl_prefix"": 4679}"
north_america_west,6,apartment block,1492,7.813206348917759,6.638782024383545,5.087871020491656,11.736372756958012,15.430483341217045,31.41717632293701,75.57437896728516,5.3,25.0,40.0,high,"[""USA""]","[""Los Angeles"", ""Portland"", ""San Francisco""]","{""odbl_prefix"": 1492}"
north_america_west,7,large footprint,1594,8.782112613152082,7.032285690307617,6.76092532702732,13.805374240875247,18.968452835082974,42.72252243041991,69.75396728515625,5.3,25.0,50.0,high,"[""USA""]","[""Los Angeles"", ""Portland"", ""San Francisco""]","{""odbl_prefix"": 1594}"
north_america_west,8,extra-large footprint,459,9.610200509786086,7.956630706787109,7.282008207948902,14.275460052490233,20.562523078918456,41.070991973877206,81.10213470458984,5.3,30.0,50.0,medium,"[""USA""]","[""Los Angeles"", ""Portland"", ""San Francisco""]","{""odbl_prefix"": 459}"
europe,1,tiny residential,35834,3.243858059898261,2.959792137145996,1.5926391145474272,5.086185026168823,6.092905521392818,9.074018430709831,18.01922035217285,4.1,15.0,15.0,high,"[""BEL"", ""DEU"", ""FRA""]","[""Amsterdam"", ""Berlin"", ""Paris""]","{""odbl_prefix"": 35834}"
europe,2,small residential,19323,4.1052022132420465,3.9028220176696777,1.6009672461608613,5.873042488098145,6.916919565200797,10.168301296234102,16.464929580688477,4.1,15.0,15.0,high,"[""BEL"", ""DEU"", ""FRA""]","[""Amsterdam"", ""Berlin"", ""Paris""]","{""odbl_prefix"": 19323}"
europe,3,compact residential,7613,4.557708356879347,4.272870063781738,1.8193145072155978,6.691489410400392,7.963547229766845,11.06894844055176,17.828147888183594,4.1,15.0,20.0,high,"[""BEL"", ""DEU"", ""FRA""]","[""Amsterdam"", ""Berlin"", ""Paris""]","{""odbl_prefix"": 7613}"
europe,4,medium footprint,1620,4.93823066280212,4.610513925552368,1.945800058425516,7.220333528518677,8.592391777038573,12.025760059356687,15.40241813659668,4.1,15.0,20.0,high,"[""BEL"", ""DEU"", ""FRA""]","[""Amsterdam"", ""Berlin"", ""Paris""]","{""odbl_prefix"": 1620}"
europe,5,small apartment,3177,4.886268214831234,4.682218551635742,1.8042924917118661,7.09734525680542,8.078848075866699,10.73260253906248,15.88563346862793,4.1,15.0,15.0,high,"[""BEL"", ""DEU"", ""FRA""]","[""Amsterdam"", ""Berlin"", ""Paris""]","{""odbl_prefix"": 3177}"
europe,6,apartment block,1137,5.175269770852913,5.025074481964111,1.9513053709026655,7.578159427642822,8.82500343322754,10.906117401123055,14.431659698486328,4.1,15.0,20.0,high,"[""BEL"", ""DEU"", ""FRA""]","[""Amsterdam"", ""Berlin"", ""Paris""]","{""odbl_prefix"": 1137}"
europe,7,large footprint,966,5.72782237978949,5.461784362792969,2.3747825563226743,8.567371845245361,10.01184606552124,12.986645507812504,18.27179527282715,4.1,15.0,20.0,medium,"[""BEL"", ""DEU"", ""FRA""]","[""Amsterdam"", ""Berlin"", ""Paris""]","{""odbl_prefix"": 966}"
europe,8,extra-large footprint,172,7.144381157880606,6.729956388473511,3.0840950081689025,11.577535057067871,12.89521851539611,15.138408641815186,16.325456619262695,4.1,20.0,20.0,low,"[""BEL"", ""DEU"", ""FRA""]","[""Amsterdam"", ""Berlin"", ""Paris""]","{""odbl_prefix"": 172}"
scandinavia,1,tiny residential,41174,4.154531519809181,3.4979292154312134,2.672350322419729,7.47268180847169,9.480549144744863,13.82758014678955,31.521739959716797,4.1,15.0,20.0,high,"[""DNK"", ""FIN"", ""SWE""]","[""Copenhagen"", ""Helsinki"", ""Stockholm""]","{""odbl_prefix"": 41174}"
scandinavia,2,small residential,17237,4.872151295159611,4.529230117797852,2.147091352148866,7.399175071716308,8.873207092285151,12.529475135803214,23.447662353515625,4.1,15.0,20.0,high,"[""DNK"", ""FIN"", ""SWE""]","[""Copenhagen"", ""Helsinki"", ""Stockholm""]","{""odbl_prefix"": 17237}"
scandinavia,3,compact residential,8225,5.111211845519695,4.761820316314697,2.0039387335204366,7.426238250732422,8.697740936279288,12.267925376892093,29.461732864379883,4.1,15.0,20.0,high,"[""DNK"", ""FIN"", ""SWE""]","[""Copenhagen"", ""Helsinki"", ""Stockholm""]","{""odbl_prefix"": 8225}"
scandinavia,4,medium footprint,1674,5.933682592254101,5.365908145904541,2.850608472428596,8.669266414642335,10.607684326171869,17.864651222229003,31.74844741821289,4.1,15.0,25.0,high,"[""DNK"", ""FIN"", ""SWE""]","[""Copenhagen"", ""Helsinki"", ""Stockholm""]","{""odbl_prefix"": 1674}"
scandinavia,5,small apartment,2837,6.135910872132332,5.662538528442383,2.617319904414109,9.318861389160158,10.8173376083374,13.775646400451658,40.594791412353516,4.1,15.0,20.0,high,"[""DNK"", ""FIN"", ""SWE""]","[""Copenhagen"", ""Helsinki"", ""Stockholm""]","{""odbl_prefix"": 2837}"
scandinavia,6,apartment block,828,6.790250964930668,6.363953113555908,2.82087887754606,10.420854282379151,11.872009563446044,15.287031116485604,21.376773834228516,4.1,20.0,20.0,medium,"[""DNK"", ""FIN"", ""SWE""]","[""Copenhagen"", ""Helsinki"", ""Stockholm""]","{""odbl_prefix"": 828}"
scandinavia,7,large footprint,987,7.776066447826142,7.241631984710693,3.707747905589319,12.000690460205076,13.631322002410881,18.880225143432618,41.57607650756836,4.1,20.0,25.0,medium,"[""DNK"", ""FIN"", ""SWE""]","[""Copenhagen"", ""Helsinki"", ""Stockholm""]","{""odbl_prefix"": 987}"
scandinavia,8,extra-large footprint,243,9.211586144725972,8.058202743530273,5.169172632170237,14.754747581481936,16.760889244079586,26.650356407165503,48.122928619384766,4.1,25.0,35.0,medium,"[""DNK"", ""FIN"", ""SWE""]","[""Copenhagen"", ""Helsinki"", ""Stockholm""]","{""odbl_prefix"": 243}"
mediterranean,1,tiny residential,36029,2.9691151634118,2.6972951889038086,1.4351379595022906,4.80840244293213,5.642531108856199,7.633954219818123,17.658023834228516,4.1,10.0,15.0,high,"[""ALB"", ""BGR"", ""FRA"", ""ITA"", ""MKD""]","[""Barcelona"", ""Rome"", ""Thessaloniki""]","{""odbl_prefix"": 36029}"
mediterranean,2,small residential,19463,3.5121123352870542,3.3329620361328125,1.479463087433734,5.381697940826416,6.171545267105101,8.163405094146745,17.40377426147461,4.1,15.0,15.0,high,"[""ALB"", ""BGR"", ""FRA"", ""ITA"", ""MKD""]","[""Barcelona"", ""Rome"", ""Thessaloniki""]","{""odbl_prefix"": 19463}"
mediterranean,3,compact residential,9106,4.322059568391641,4.180660963058472,1.7010521828906187,6.473360061645508,7.3623634576797485,9.386893033981329,13.967899322509766,4.1,15.0,15.0,high,"[""ALB"", ""BGR"", ""FRA"", ""ITA"", ""MKD""]","[""Barcelona"", ""Rome"", ""Thessaloniki""]","{""odbl_prefix"": 9106}"
mediterranean,4,medium footprint,3436,5.047016318206598,4.879212379455566,1.8422835105052375,7.348474740982056,8.382997751235962,10.563014650344849,20.20621109008789,4.1,15.0,15.0,high,"[""ALB"", ""BGR"", ""FRA"", ""ITA"", ""MKD""]","[""Barcelona"", ""Rome"", ""Thessaloniki""]","{""odbl_prefix"": 3436}"
mediterranean,5,small apartment,3252,5.031172619387966,4.815201044082642,1.9814236662117324,7.354245853424073,8.477188301086425,11.912250862121555,19.42142105102539,4.1,15.0,20.0,high,"[""ALB"", ""BGR"", ""FRA"", ""ITA"", ""MKD""]","[""Barcelona"", ""Rome"", ""Thessaloniki""]","{""odbl_prefix"": 3252}"
mediterranean,6,apartment block,711,5.432261195531542,5.266047477722168,2.305016388325597,8.198040008544922,9.18867301940918,12.442150497436517,19.877965927124023,4.1,15.0,20.0,medium,"[""ALB"", ""BGR"", ""FRA"", ""ITA"", ""MKD""]","[""Barcelona"", ""Rome"", ""Thessaloniki""]","{""odbl_prefix"": 711}"
mediterranean,7,large footprint,585,5.708909024947729,5.432136058807373,2.782347004718551,8.87303352355957,9.935838890075683,13.241385955810529,33.99544143676758,4.1,15.0,20.0,medium,"[""ALB"", ""BGR"", ""FRA"", ""ITA"", ""MKD""]","[""Barcelona"", ""Rome"", ""Thessaloniki""]","{""odbl_prefix"": 585}"
mediterranean,8,extra-large footprint,108,5.786408258808984,5.693287134170532,2.896343166767182,9.743231010437011,10.719401216506954,12.430230951309204,13.96393871307373,4.1,15.0,20.0,low,"[""BGR"", ""FRA"", ""ITA"", ""MKD""]","[""Barcelona"", ""Rome"", ""Thessaloniki""]","{""odbl_prefix"": 108}"
asia,1,tiny residential,34625,2.8870563764262287,2.7655646800994873,1.2379925451923697,4.359872627258301,4.930972003936766,6.453722305297852,43.322731018066406,5.9,15.0,15.0,high,"[""CHN"", ""JPN"", ""KOR"", ""PRK""]","[""Seoul"", ""Shanghai"", ""Tokyo""]","{""odbl_prefix"": 34625}"
asia,2,small residential,17938,3.632355028908579,3.51045823097229,1.4262095068627492,5.35424828529358,6.110123920440671,7.880762262344363,22.084259033203125,5.9,15.0,15.0,high,"[""CHN"", ""JPN"", ""KOR"", ""PRK""]","[""Seoul"", ""Shanghai"", ""Tokyo""]","{""odbl_prefix"": 17938}"
asia,3,compact residential,6038,4.302734828658671,3.9260494709014893,2.5819077077850756,6.468931484222413,7.85450325012207,11.960689525604254,62.8280029296875,5.9,15.0,20.0,high,"[""CHN"", ""JPN"", ""KOR"", ""PRK""]","[""Seoul"", ""Shanghai"", ""Tokyo""]","{""odbl_prefix"": 6038}"
asia,4,medium footprint,2247,5.3961184165400295,4.510305404663086,3.909745295988896,8.449140930175782,10.591364955902094,23.19040870666503,51.1234130859375,5.9,20.0,30.0,high,"[""CHN"", ""JPN"", ""KOR"", ""PRK""]","[""Seoul"", ""Shanghai"", ""Tokyo""]","{""odbl_prefix"": 2247}"
asia,5,small apartment,3146,7.918133990179561,5.306596755981445,8.488019732267338,16.781883239746094,27.03859519958496,43.59804573059085,75.46520233154297,5.9,35.0,50.0,high,"[""CHN"", ""JPN"", ""KOR"", ""PRK""]","[""Seoul"", ""Shanghai"", ""Tokyo""]","{""odbl_prefix"": 3146}"
asia,6,apartment block,1922,8.671054026462782,6.261221408843994,7.8655757839950615,19.29868106842041,26.72807674407959,37.53080932617187,50.07003402709961,5.9,35.0,45.0,high,"[""CHN"", ""JPN"", ""KOR"", ""PRK""]","[""Seoul"", ""Shanghai"", ""Tokyo""]","{""odbl_prefix"": 1922}"
asia,7,large footprint,2649,10.165499929483543,7.352025985717773,8.937349937708655,21.95941276550293,29.654992675781248,42.203936157226565,80.66044616699219,5.9,40.0,50.0,high,"[""CHN"", ""JPN"", ""KOR"", ""PRK""]","[""Seoul"", ""Shanghai"", ""Tokyo""]","{""odbl_prefix"": 2649}"
asia,8,extra-large footprint,505,9.517012513037955,8.335020065307617,6.071650661269827,16.357715988159182,22.757815551757776,32.63768371582027,37.82773208618164,5.9,30.0,40.0,medium,"[""CHN"", ""JPN"", ""KOR"", ""PRK""]","[""Seoul"", ""Shanghai"", ""Tokyo""]","{""odbl_prefix"": 505}"
se_asia,1,tiny residential,44154,4.3678752629875826,4.21311092376709,1.833666266687173,6.4832905292511,7.363621711730957,10.012952480316162,29.607789993286133,5.9,15.0,20.0,high,"[""CHN"", ""KHM"", ""LAO"", ""PHL"", ""THA"", ""VNM""]","[""Bangkok"", ""Da Nang"", ""Manila""]","{""odbl_prefix"": 44154}"
se_asia,2,small residential,18476,5.124727603624744,5.000356197357178,1.7830633584608608,7.180654287338257,8.011440753936768,10.606774806976318,27.001564025878906,5.9,15.0,20.0,high,"[""CHN"", ""KHM"", ""LAO"", ""PHL"", ""THA"", ""VNM""]","[""Bangkok"", ""Da Nang"", ""Manila""]","{""odbl_prefix"": 18476}"
se_asia,3,compact residential,6712,5.5049997784632465,5.397037029266357,1.871812447464393,7.642113018035889,8.43379578590393,10.82125951766969,30.903911590576172,5.9,15.0,20.0,high,"[""CHN"", ""KHM"", ""LAO"", ""PHL"", ""THA"", ""VNM""]","[""Bangkok"", ""Da Nang"", ""Manila""]","{""odbl_prefix"": 6712}"
se_asia,4,medium footprint,1832,5.89772127822497,5.723755359649658,1.9378222563320648,8.191263389587403,9.11375622749328,11.66177296638489,17.74282455444336,5.9,20.0,20.0,high,"[""CHN"", ""KHM"", ""LAO"", ""PHL"", ""THA"", ""VNM""]","[""Bangkok"", ""Da Nang"", ""Manila""]","{""odbl_prefix"": 1832}"
se_asia,5,small apartment,2289,6.601391583095215,6.355414867401123,2.417611401398771,9.44937915802002,10.917981147766113,13.990357131958,21.268795013427734,5.9,20.0,20.0,high,"[""CHN"", ""KHM"", ""LAO"", ""PHL"", ""THA"", ""VNM""]","[""Bangkok"", ""Da Nang"", ""Manila""]","{""odbl_prefix"": 2289}"
se_asia,6,apartment block,894,7.197336845749977,7.024684190750122,2.4911494197681034,10.005412769317628,11.313941383361813,14.057400474548302,27.87635612487793,5.9,20.0,20.0,medium,"[""CHN"", ""KHM"", ""LAO"", ""PHL"", ""THA"", ""VNM""]","[""Bangkok"", ""Da Nang"", ""Manila""]","{""odbl_prefix"": 894}"
se_asia,7,large footprint,1204,8.11153218833315,7.728666543960571,3.4797773099386324,11.652312183380129,14.481578588485714,21.78871496200563,31.55621337890625,5.9,25.0,30.0,high,"[""CHN"", ""KHM"", ""LAO"", ""PHL"", ""THA"", ""VNM""]","[""Bangkok"", ""Da Nang"", ""Manila""]","{""odbl_prefix"": 1204}"
se_asia,8,extra-large footprint,360,9.257962334487173,8.84138298034668,4.050472383582634,12.668208408355714,16.62538070678711,24.49382579803467,32.3315544128418,5.9,25.0,35.0,medium,"[""CHN"", ""KHM"", ""PHL"", ""THA"", ""VNM""]","[""Bangkok"", ""Da Nang"", ""Manila""]","{""odbl_prefix"": 360}"
africa,1,tiny residential,35788,2.610756385045917,2.2877414226531982,1.4005750531595638,4.327748012542725,5.176096534729007,7.5233696746825975,19.289094924926758,8.9,15.0,20.0,high,"[""BEN"", ""GHA"", ""KEN"", ""NGA"", ""TGO"", ""TZA"", ""ZAF""]","[""Johannesburg"", ""Lagos"", ""Nairobi""]","{""odbl_prefix"": 35788}"
africa,2,small residential,3082,3.0944006516514158,2.822371244430542,1.5549403952541585,4.93587293624878,5.929032206535338,9.051464080810552,13.246728897094727,8.9,15.0,20.0,high,"[""BEN"", ""GHA"", ""KEN"", ""NGA"", ""TGO"", ""TZA"", ""ZAF""]","[""Johannesburg"", ""Lagos"", ""Nairobi""]","{""odbl_prefix"": 3082}"
africa,3,compact residential,1112,3.3149500534260015,3.042101502418518,1.6209672338872454,5.126362228393554,6.155496788024903,9.971454133987443,15.165956497192383,8.9,20.0,20.0,high,"[""BEN"", ""KEN"", ""NGA"", ""TZA"", ""ZAF""]","[""Johannesburg"", ""Lagos"", ""Nairobi""]","{""odbl_prefix"": 1112}"
africa,4,medium footprint,378,3.580015000527498,3.2426151037216187,1.7184434438434737,5.553159379959107,6.66786785125732,9.93000670433046,11.583928108215332,8.9,20.0,20.0,medium,"[""BEN"", ""KEN"", ""NGA"", ""TZA"", ""ZAF""]","[""Johannesburg"", ""Lagos"", ""Nairobi""]","{""odbl_prefix"": 378}"
africa,5,small apartment,310,3.636038430275456,3.2592973709106445,1.7882472789213322,6.033707571029663,6.975034713745117,9.652884845733652,12.49866771697998,8.9,20.0,20.0,medium,"[""KEN"", ""NGA"", ""TZA"", ""ZAF""]","[""Johannesburg"", ""Lagos"", ""Nairobi""]","{""odbl_prefix"": 310}"
africa,6,apartment block,60,4.3047138273715975,3.8495594263076782,2.315322893954709,7.806077098846436,8.835806226730346,9.56769109725952,9.90500259399414,8.9,20.0,20.0,low,"[""KEN"", ""NGA"", ""ZAF""]","[""Johannesburg"", ""Lagos"", ""Nairobi""]","{""odbl_prefix"": 60}"
africa,7,large footprint,72,4.435455691483286,4.19266676902771,2.283920758595398,7.67045955657959,8.927725410461425,9.909499549865739,11.78201675415039,8.9,20.0,20.0,low,"[""KEN"", ""NGA"", ""TZA"", ""ZAF""]","[""Johannesburg"", ""Lagos"", ""Nairobi""]","{""odbl_prefix"": 72}"
africa,8,extra-large footprint,11,4.823621706529097,5.189713954925537,1.6817179961598934,6.406151294708252,6.590209007263184,6.737455177307129,6.774266719818115,8.9,20.0,20.0,low,"[""KEN"", ""ZAF""]","[""Johannesburg"", ""Nairobi""]","{""odbl_prefix"": 11}"
australia_oceania,1,tiny residential,18261,3.9386954046563467,3.3409476280212402,2.5355479185821173,6.715720176696777,8.99622917175293,14.203098297119144,28.33441925048828,1.5,15.0,20.0,high,"[""AUS"", ""NZL""]","[""Auckland"", ""Melbourne"", ""Sydney""]","{""odbl_prefix"": 18261}"
australia_oceania,2,small residential,16298,4.33715191673305,4.048962116241455,1.994198262085376,6.0977081775665285,7.73800311088562,12.390130109786998,29.175212860107422,1.5,10.0,15.0,high,"[""AUS"", ""NZL""]","[""Auckland"", ""Melbourne"", ""Sydney""]","{""odbl_prefix"": 16298}"
australia_oceania,3,compact residential,15173,4.4615511401377015,4.258131980895996,1.5363470683519749,5.8730106353759775,6.812064266204834,10.562571144104014,21.349334716796875,1.5,10.0,15.0,high,"[""AUS"", ""NZL""]","[""Auckland"", ""Melbourne"", ""Sydney""]","{""odbl_prefix"": 15173}"
australia_oceania,4,medium footprint,5472,4.644509302811665,4.421768426895142,1.5117629431352844,6.047059297561647,7.033534145355224,10.50071388244629,23.929935455322266,1.5,10.0,15.0,high,"[""AUS"", ""NZL""]","[""Auckland"", ""Melbourne"", ""Sydney""]","{""odbl_prefix"": 5472}"
australia_oceania,5,small apartment,3729,4.847039602339252,4.609828472137451,1.5625823308807232,6.487380504608155,7.481407165527342,11.09161766052245,17.62245750427246,1.5,10.0,15.0,high,"[""AUS"", ""NZL""]","[""Auckland"", ""Melbourne"", ""Sydney""]","{""odbl_prefix"": 3729}"
australia_oceania,6,apartment block,575,5.658952807550845,5.270120620727539,2.2594891801487296,8.105258560180664,9.354559135437011,13.697556381225581,21.74232292175293,1.5,15.0,20.0,medium,"[""AUS"", ""NZL""]","[""Auckland"", ""Melbourne"", ""Sydney""]","{""odbl_prefix"": 575}"
australia_oceania,7,large footprint,527,5.852715630911333,5.356480121612549,2.915054468507842,9.024739837646488,10.209201335906982,16.274287605285643,34.24132537841797,1.5,15.0,20.0,medium,"[""AUS"", ""NZL""]","[""Auckland"", ""Melbourne"", ""Sydney""]","{""odbl_prefix"": 527}"
australia_oceania,8,extra-large footprint,145,7.142471417065324,5.4650678634643555,5.049600434831312,13.150542831420898,16.897521209716793,26.122118759155274,33.16231155395508,1.5,20.0,30.0,low,"[""AUS"", ""NZL""]","[""Auckland"", ""Melbourne"", ""Sydney""]","{""odbl_prefix"": 145}"
south_america,1,tiny residential,25870,3.49341101953317,2.93346631526947,2.3250930471917433,6.161887741088867,7.9832605600357045,12.513913326263435,29.251903533935547,8.9,20.0,25.0,high,"[""ARG"", ""BRA"", ""COL"", ""ECU"", ""PER"", ""URY""]","[""Buenos Aires"", ""Quito"", ""Sao Paulo""]","{""odbl_prefix"": 25870}"
south_america,2,small residential,4473,3.7341529101086706,3.200425863265991,2.3616412123345953,6.411947631835938,8.2061336517334,12.601940193176269,24.72870635986328,8.9,20.0,25.0,high,"[""ARG"", ""BRA"", ""COL"", ""ECU"", ""PER"", ""URY""]","[""Buenos Aires"", ""Quito"", ""Sao Paulo""]","{""odbl_prefix"": 4473}"
south_america,3,compact residential,949,4.3002587022972305,3.73056697845459,2.779222282626219,7.360405731201176,9.464548110961907,15.588394241332999,21.506946563720703,8.9,20.0,25.0,medium,"[""ARG"", ""BRA"", ""ECU"", ""PER"", ""URY""]","[""Buenos Aires"", ""Quito"", ""Sao Paulo""]","{""odbl_prefix"": 949}"
south_america,4,medium footprint,220,4.454180869189176,4.05327296257019,2.7651626876634534,7.920266389846802,8.855821609497067,11.94131819725037,26.416650772094727,8.9,20.0,25.0,medium,"[""ARG"", ""BRA"", ""ECU"", ""PER"", ""URY""]","[""Buenos Aires"", ""Quito"", ""Sao Paulo""]","{""odbl_prefix"": 220}"
south_america,5,small apartment,175,4.620633920260838,4.3135175704956055,2.6498655505190754,7.6272148132324205,9.941899967193601,13.918129367828369,14.823210716247559,8.9,20.0,25.0,low,"[""ARG"", ""BRA"", ""ECU"", ""PER"", ""URY""]","[""Buenos Aires"", ""Quito"", ""Sao Paulo""]","{""odbl_prefix"": 175}"
south_america,6,apartment block,55,5.956283112005754,4.5327935218811035,5.946059438410586,10.190825462341309,16.229444503784165,30.05808063507081,34.294456481933594,8.9,30.0,40.0,low,"[""ARG"", ""BRA"", ""ECU"", ""PER"", ""URY""]","[""Buenos Aires"", ""Quito"", ""Sao Paulo""]","{""odbl_prefix"": 55}"
south_america,7,large footprint,67,6.40119711498716,6.519038200378418,2.9012773709598325,10.046736907958984,10.396684169769287,12.453908901214604,13.17132568359375,8.9,20.0,25.0,low,"[""ARG"", ""BRA"", ""ECU"", ""PER"", ""URY""]","[""Buenos Aires"", ""Quito"", ""Sao Paulo""]","{""odbl_prefix"": 67}"
south_america,8,extra-large footprint,8,6.784198194742203,6.0910258293151855,4.053893258510957,12.524373626708984,12.825142192840575,13.06575704574585,13.125910758972168,8.9,25.0,25.0,low,"[""ARG"", ""BRA""]","[""Buenos Aires"", ""Sao Paulo""]","{""odbl_prefix"": 8}"
generic,1,tiny residential,312757,3.630625365674672,3.141275405883789,2.321894038153705,6.079942321777343,7.592769050598147,12.37720611572266,46.54911804199219,8.9,20.0,25.0,high,"[""ALB"", ""ARG"", ""AUS"", ""BEL"", ""BEN"", ""BGR"", ""BRA"", ""CAN"", ""CHN"", ""COL"", ""DEU"", ""DNK"", ""ECU"", ""FIN"", ""FRA"", ""GHA"", ""ITA"", ""JPN"", ""KEN"", ""KHM"", ""KOR"", ""LAO"", ""MEX"", ""MKD"", ""NGA"", ""NZL"", ""PER"", ""PHL"", ""PRK"", ""SWE"", ""TGO"", ""THA"", ""TZA"", ""URY"", ""USA"", ""VNM"", ""ZAF""]","[""Amsterdam"", ""Auckland"", ""Bangkok"", ""Barcelona"", ""Berlin"", ""Boston"", ""Buenos Aires"", ""Chicago"", ""Copenhagen"", ""Da Nang"", ""Dallas"", ""Helsinki"", ""Houston"", ""Johannesburg"", ""Lagos"", ""Los Angeles"", ""Manila"", ""Melbourne"", ""Montreal"", ""Nairobi"", ""Paris"", ""Portland"", ""Quito"", ""Rome"", ""San Francisco"", ""Sao Paulo"", ""Seoul"", ""Shanghai"", ""Stockholm"", ""Sydney"", ""Thessaloniki"", ""Tokyo"", ""Toronto""]","{""odbl_prefix"": 312757}"
generic,2,small residential,170476,4.5954884350525,4.127331256866455,2.5749180099056237,7.0927770137786865,8.836036682128906,14.449272871017456,50.240875244140625,8.9,20.0,25.0,high,"[""ALB"", ""ARG"", ""AUS"", ""BEL"", ""BEN"", ""BGR"", ""BRA"", ""CAN"", ""CHN"", ""COL"", ""DEU"", ""DNK"", ""ECU"", ""FIN"", ""FRA"", ""GHA"", ""ITA"", ""JPN"", ""KEN"", ""KHM"", ""KOR"", ""LAO"", ""MEX"", ""MKD"", ""NGA"", ""NZL"", ""PER"", ""PHL"", ""PRK"", ""SWE"", ""TGO"", ""THA"", ""TZA"", ""URY"", ""USA"", ""VNM"", ""ZAF""]","[""Amsterdam"", ""Auckland"", ""Bangkok"", ""Barcelona"", ""Berlin"", ""Boston"", ""Buenos Aires"", ""Chicago"", ""Copenhagen"", ""Da Nang"", ""Dallas"", ""Helsinki"", ""Houston"", ""Johannesburg"", ""Lagos"", ""Los Angeles"", ""Manila"", ""Melbourne"", ""Montreal"", ""Nairobi"", ""Paris"", ""Portland"", ""Quito"", ""Rome"", ""San Francisco"", ""Sao Paulo"", ""Seoul"", ""Shanghai"", ""Stockholm"", ""Sydney"", ""Thessaloniki"", ""Tokyo"", ""Toronto""]","{""odbl_prefix"": 170476}"
generic,3,compact residential,103760,5.085416598627222,4.6089160442352295,2.5261182223457683,7.555853843688965,9.078523540496818,14.598263330459607,62.8280029296875,8.9,20.0,25.0,high,"[""ALB"", ""ARG"", ""AUS"", ""BEL"", ""BEN"", ""BGR"", ""BRA"", ""CAN"", ""CHN"", ""DEU"", ""DNK"", ""ECU"", ""FIN"", ""FRA"", ""ITA"", ""JPN"", ""KEN"", ""KHM"", ""KOR"", ""LAO"", ""MEX"", ""MKD"", ""NGA"", ""NZL"", ""PER"", ""PHL"", ""PRK"", ""SWE"", ""THA"", ""TZA"", ""URY"", ""USA"", ""VNM"", ""ZAF""]","[""Amsterdam"", ""Auckland"", ""Bangkok"", ""Barcelona"", ""Berlin"", ""Boston"", ""Buenos Aires"", ""Chicago"", ""Copenhagen"", ""Da Nang"", ""Dallas"", ""Helsinki"", ""Houston"", ""Johannesburg"", ""Lagos"", ""Los Angeles"", ""Manila"", ""Melbourne"", ""Montreal"", ""Nairobi"", ""Paris"", ""Portland"", ""Quito"", ""Rome"", ""San Francisco"", ""Sao Paulo"", ""Seoul"", ""Shanghai"", ""Stockholm"", ""Sydney"", ""Thessaloniki"", ""Tokyo"", ""Toronto""]","{""odbl_prefix"": 103760}"
generic,4,medium footprint,40223,5.552211230840196,5.183313369750977,2.2937901724975034,7.99913444519043,9.01341733932495,13.04435247421263,51.1234130859375,8.9,20.0,25.0,high,"[""ALB"", ""ARG"", ""AUS"", ""BEL"", ""BEN"", ""BGR"", ""BRA"", ""CAN"", ""CHN"", ""DEU"", ""DNK"", ""ECU"", ""FIN"", ""FRA"", ""ITA"", ""JPN"", ""KEN"", ""KHM"", ""KOR"", ""LAO"", ""MKD"", ""NGA"", ""NZL"", ""PER"", ""PHL"", ""PRK"", ""SWE"", ""THA"", ""TZA"", ""URY"", ""USA"", ""VNM"", ""ZAF""]","[""Amsterdam"", ""Auckland"", ""Bangkok"", ""Barcelona"", ""Berlin"", ""Boston"", ""Buenos Aires"", ""Chicago"", ""Copenhagen"", ""Da Nang"", ""Dallas"", ""Helsinki"", ""Houston"", ""Johannesburg"", ""Lagos"", ""Los Angeles"", ""Manila"", ""Melbourne"", ""Montreal"", ""Nairobi"", ""Paris"", ""Portland"", ""Quito"", ""Rome"", ""San Francisco"", ""Sao Paulo"", ""Seoul"", ""Shanghai"", ""Stockholm"", ""Sydney"", ""Thessaloniki"", ""Tokyo"", ""Toronto""]","{""odbl_prefix"": 40223}"
generic,5,small apartment,31555,5.916110492829305,5.230891704559326,3.702633929520389,8.778953170776369,10.683728504180907,20.865920829772865,75.46520233154297,8.9,20.0,30.0,high,"[""ALB"", ""ARG"", ""AUS"", ""BEL"", ""BGR"", ""BRA"", ""CAN"", ""CHN"", ""DEU"", ""DNK"", ""ECU"", ""FIN"", ""FRA"", ""ITA"", ""JPN"", ""KEN"", ""KHM"", ""KOR"", ""LAO"", ""MEX"", ""MKD"", ""NGA"", ""NZL"", ""PER"", ""PHL"", ""PRK"", ""SWE"", ""THA"", ""TZA"", ""URY"", ""USA"", ""VNM"", ""ZAF""]","[""Amsterdam"", ""Auckland"", ""Bangkok"", ""Barcelona"", ""Berlin"", ""Boston"", ""Buenos Aires"", ""Chicago"", ""Copenhagen"", ""Da Nang"", ""Dallas"", ""Helsinki"", ""Houston"", ""Johannesburg"", ""Lagos"", ""Los Angeles"", ""Manila"", ""Melbourne"", ""Montreal"", ""Nairobi"", ""Paris"", ""Portland"", ""Quito"", ""Rome"", ""San Francisco"", ""Sao Paulo"", ""Seoul"", ""Shanghai"", ""Stockholm"", ""Sydney"", ""Thessaloniki"", ""Tokyo"", ""Toronto""]","{""odbl_prefix"": 31555}"
generic,6,apartment block,9450,7.024271563827676,6.036645412445068,4.805000051496205,10.900172710418701,14.427913618087763,29.859316368103034,75.57437896728516,8.9,25.0,40.0,high,"[""ALB"", ""ARG"", ""AUS"", ""BEL"", ""BGR"", ""BRA"", ""CAN"", ""CHN"", ""DEU"", ""DNK"", ""ECU"", ""FIN"", ""FRA"", ""ITA"", ""JPN"", ""KEN"", ""KHM"", ""KOR"", ""LAO"", ""MKD"", ""NGA"", ""NZL"", ""PER"", ""PHL"", ""PRK"", ""SWE"", ""THA"", ""URY"", ""USA"", ""VNM"", ""ZAF""]","[""Amsterdam"", ""Auckland"", ""Bangkok"", ""Barcelona"", ""Berlin"", ""Boston"", ""Buenos Aires"", ""Chicago"", ""Copenhagen"", ""Da Nang"", ""Dallas"", ""Helsinki"", ""Houston"", ""Johannesburg"", ""Lagos"", ""Los Angeles"", ""Manila"", ""Melbourne"", ""Montreal"", ""Nairobi"", ""Paris"", ""Portland"", ""Quito"", ""Rome"", ""San Francisco"", ""Sao Paulo"", ""Seoul"", ""Shanghai"", ""Stockholm"", ""Sydney"", ""Thessaloniki"", ""Tokyo"", ""Toronto""]","{""odbl_prefix"": 9450}"
generic,7,large footprint,10567,8.169483926648887,6.688384532928467,6.237776752591958,13.781025505065916,19.1383731842041,35.06352775573736,82.75798034667969,8.9,30.0,45.0,high,"[""ALB"", ""ARG"", ""AUS"", ""BEL"", ""BGR"", ""BRA"", ""CAN"", ""CHN"", ""DEU"", ""DNK"", ""ECU"", ""FIN"", ""FRA"", ""ITA"", ""JPN"", ""KEN"", ""KHM"", ""KOR"", ""LAO"", ""MKD"", ""NGA"", ""NZL"", ""PER"", ""PHL"", ""PRK"", ""SWE"", ""THA"", ""TZA"", ""URY"", ""USA"", ""VNM"", ""ZAF""]","[""Amsterdam"", ""Auckland"", ""Bangkok"", ""Barcelona"", ""Berlin"", ""Boston"", ""Buenos Aires"", ""Chicago"", ""Copenhagen"", ""Da Nang"", ""Dallas"", ""Helsinki"", ""Houston"", ""Johannesburg"", ""Lagos"", ""Los Angeles"", ""Manila"", ""Melbourne"", ""Montreal"", ""Nairobi"", ""Paris"", ""Portland"", ""Quito"", ""Rome"", ""San Francisco"", ""Sao Paulo"", ""Seoul"", ""Shanghai"", ""Stockholm"", ""Sydney"", ""Thessaloniki"", ""Tokyo"", ""Toronto""]","{""odbl_prefix"": 10567}"
generic,8,extra-large footprint,2723,8.90803732199569,7.718139171600342,5.833642354452695,14.625144577026369,18.87832641601563,30.201018524169935,81.10213470458984,8.9,30.0,40.0,high,"[""ARG"", ""AUS"", ""BEL"", ""BGR"", ""BRA"", ""CAN"", ""CHN"", ""DEU"", ""DNK"", ""FIN"", ""FRA"", ""ITA"", ""JPN"", ""KEN"", ""KHM"", ""KOR"", ""MKD"", ""NZL"", ""PHL"", ""PRK"", ""SWE"", ""THA"", ""USA"", ""VNM"", ""ZAF""]","[""Amsterdam"", ""Auckland"", ""Bangkok"", ""Barcelona"", ""Berlin"", ""Boston"", ""Buenos Aires"", ""Chicago"", ""Copenhagen"", ""Da Nang"", ""Dallas"", ""Helsinki"", ""Houston"", ""Johannesburg"", ""Los Angeles"", ""Manila"", ""Melbourne"", ""Montreal"", ""Nairobi"", ""Paris"", ""Portland"", ""Rome"", ""San Francisco"", ""Sao Paulo"", ""Seoul"", ""Shanghai"", ""Stockholm"", ""Sydney"", ""Thessaloniki"", ""Tokyo"", ""Toronto""]","{""odbl_prefix"": 2723}"
